Country,Sex,Crude suicide rates (per 100 000 population),Crude suicide rates (per 100 000 population),Crude suicide rates (per 100 000 population),Crude suicide rates (per 100 000 population),Crude suicide rates (per 100 000 population),Crude suicide rates (per 100 000 population),Crude suicide rates (per 100 000 population),Crude suicide rates (per 100 000 population),SUM
,,2016,2016,2016,2016,2016,2016,2016,2016,
,,10-19 years,20-29  years,30-39  years,40-49  years,50-59  years,60-69  years,70-79 years,80+ years,
Afghanistan,Both sexes,3.1,10.2,9.2,6.6,5.6,5.5,11,42,93.2
Afghanistan,Male,4.8,16.3,15.1,10.5,9.3,9.8,20.9,70.4,157.1
Afghanistan,Female,1.2,3.5,2.7,2.3,1.6,1.4,2.3,20.1,35.1
Albania,Both sexes,5,6.5,6.1,9.1,7.8,6,8.3,16.3,65.1
Albania,Male,3.1,6.3,8.8,13.5,11.4,8.1,11.9,23.2,86.3
Albania,Female,7,6.6,3.4,5,4.4,3.9,4.9,10.9,46.1
Algeria,Both sexes,1.3,4.2,5.3,4.7,4.1,4.2,5.6,9.4,38.8
Algeria,Male,1.6,6.2,7.9,7,6.2,6.2,8.4,12.7,56.2
Algeria,Female,1,2.1,2.6,2.4,2,2.2,3,6.4,21.7
Angola,Both sexes,2.6,6.6,5.4,7,14.8,23.8,42.1,63.5,165.8
Angola,Male,3.8,10.4,8.4,10.7,21.8,34.7,68.2,123.2,281.2
Angola,Female,1.4,2.9,2.5,3.5,8.6,14.5,21.7,25.3,80.4
Antigua and Barbuda,Both sexes,0,0,0,0,0,8.1,0,0,8.1
Antigua and Barbuda,Male,0,0,0,0,0,0,0,0,0
Antigua and Barbuda,Female,0,0,0,0,0,15.8,0,0,15.8
Argentina,Both sexes,8.6,15.3,10.8,9.8,9.5,10,11.6,15.8,91.4
Argentina,Male,12.7,25.3,17.8,15.5,15.1,17.2,22.7,41.6,167.9
Argentina,Female,4.3,5,3.7,4.2,4.3,3.9,3.7,4.1,33.2
Armenia,Both sexes,2.2,4.5,5.4,9,8.4,10.1,17.4,27.9,84.9
Armenia,Male,3.5,8.2,10.1,17.2,15.9,17.8,28.1,41,141.8
Armenia,Female,0.6,0.9,1.4,2.3,2.6,4.4,10.4,20.2,42.8
Australia,Both sexes,5.6,13.9,16.3,19.7,18.2,12.9,13.1,28.8,128.5
Australia,Male,7.3,20.7,24.7,30.2,27.5,19.8,19.8,41.2,191.2
Australia,Female,3.9,6.8,8,9.4,9,6.2,6.7,20.1,70.1
Austria,Both sexes,4.5,10.8,13.1,15.7,23.1,17.8,25.1,40.9,151
Austria,Male,5.2,17.1,19.9,23.8,33.1,27.4,40.6,91.8,258.9
Austria,Female,3.7,4.3,6.3,7.6,13.2,9,12.4,12.7,69.2
Azerbaijan,Both sexes,1.4,2.2,3.2,3.5,4.1,4.5,6.6,7.7,33.2
Azerbaijan,Male,2.1,3.4,5.4,6.2,7,7.3,10.4,12.5,54.3
Azerbaijan,Female,0.6,0.9,1,1,1.4,2.1,4,5,16
Bahamas,Both sexes,0.8,1.8,1.9,2.2,2.6,2.6,3,4.3,19.2
Bahamas,Male,1,3.1,3.7,4,4.6,4.8,5.4,8.1,34.7
Bahamas,Female,0.6,0.4,0.2,0.5,0.8,0.9,1.3,2.4,7.1
Bahrain,Both sexes,3,8.8,8.1,6.1,4.8,6.2,11,25.2,73.2
Bahrain,Male,4.3,11.7,10.6,8.6,6.5,8.2,17.7,40.8,108.4
Bahrain,Female,1.5,3.1,2.7,1.4,1.9,3.2,4.2,11.5,29.5
Bangladesh,Both sexes,6.2,9.5,6.6,4.6,4.9,7.7,12.8,30,82.3
Bangladesh,Male,2.7,5.7,4.9,4.8,6.2,9.3,19.2,51.4,104.2
Bangladesh,Female,9.8,13.3,8.2,4.5,3.6,6.1,6.4,10.2,62.1
Barbados,Both sexes,0,0,0.4,0.4,0.3,0,4.4,9.7,15.2
Barbados,Male,0,0,0.8,0.9,0.6,0,0,26.6,28.9
Barbados,Female,0,0,0,0,0,0,7.8,0,7.8
Belarus,Both sexes,4.8,18.9,30.6,39.9,39.9,32,32.4,40.6,239.1
Belarus,Male,7.6,32.3,52.1,70.4,75.9,65.3,76.8,96.1,476.5
Belarus,Female,1.8,4.8,9,11.8,9.5,8.9,11.4,22.9,80.1
Belgium,Both sexes,3.6,13.4,18.3,29.1,32.3,24.2,27.5,53.4,201.8
Belgium,Male,4.9,21,28.2,40.2,41.8,32.7,37.2,71.8,277.8
Belgium,Female,2.1,5.6,8.4,17.6,22.7,16.2,19.6,42.9,135.1
Belize,Both sexes,2.8,5.4,4,7.2,10.5,15.1,18,22.4,85.4
Belize,Male,3.5,9,7.6,12.8,17.8,25.9,29,36.2,141.8
Belize,Female,2,1.8,0.6,1.9,3,4.1,7,10.4,30.8
Benin,Both sexes,4.5,14,13.9,15.6,24.5,36.6,60.4,90,259.5
Benin,Male,6.6,21.8,21.6,22.6,33,47.3,81.1,146.4,380.4
Benin,Female,2.4,6.1,6.2,9,16.7,27.6,45.8,55.6,169.4
Bhutan,Both sexes,4.9,13.5,19.4,19.3,16.3,12.6,13.7,18.9,118.6
Bhutan,Male,5.2,16.7,23.3,23.3,18.9,13.8,17.1,28.7,147
Bhutan,Female,4.6,10,14.3,14.5,13.2,11.2,9.6,7.7,85.1
Bolivia (Plurinational State of),Both sexes,10.4,21.2,17,15.6,15,15,13.4,14.1,121.7
Bolivia (Plurinational State of),Male,10.8,28.7,23.4,21.2,20,20.2,18,19.4,161.7
Bolivia (Plurinational State of),Female,10,13.6,10.6,10.1,10.1,10,9.2,10.2,83.8
Bosnia and Herzegovina,Both sexes,1.7,3.8,6.7,11.1,12.3,12.7,19.6,21,88.9
Bosnia and Herzegovina,Male,2.5,6.2,10.4,18.4,19.3,22.7,34.9,41.5,155.9
Bosnia and Herzegovina,Female,0.8,1.2,2.8,3.9,5.4,4.2,8.6,9.7,36.6
Botswana,Both sexes,3.5,10.6,12.1,15.3,20.3,21.8,32,48.9,164.5
Botswana,Male,5.3,17.6,19.2,23.5,31.5,33.4,49.6,89.2,269.3
Botswana,Female,1.6,3.4,4.9,7.4,11.2,12.9,20.3,28.9,90.6
Brazil,Both sexes,2.7,6.9,8.1,8.6,9.3,9.2,11.9,19.5,76.2
Brazil,Male,3.8,11.3,12.8,13.6,14.6,14.6,19.4,31.9,122
Brazil,Female,1.6,2.5,3.4,4,4.5,4.7,6.3,12.3,39.3
Brunei Darussalam,Both sexes,0.6,5.7,5.4,7.8,7.2,7.3,9.8,10.5,54.3
Brunei Darussalam,Male,0.7,8,8.6,11.3,8.6,9.1,11.4,13.6,71.3
Brunei Darussalam,Female,0.4,3.2,1.9,4.1,5.7,5.6,8.4,8.1,37.4
Bulgaria,Both sexes,2.9,6.2,8.8,10.3,13.8,15.4,23.2,35.3,115.9
Bulgaria,Male,4.2,9.6,14.2,16.2,22.9,27.3,41.3,64.5,200.2
Bulgaria,Female,1.6,2.6,3.1,4.1,4.9,5.5,11,18.9,51.7
Burkina Faso,Both sexes,3.1,9.6,12,13.9,23.4,37.7,68,108,275.7
Burkina Faso,Male,4,12.1,15.7,21.2,34,54.9,111.6,214.7,468.2
Burkina Faso,Female,2.1,7.1,8.4,7.1,14.8,25.7,40.5,47.4,153.1
Burundi,Both sexes,5.7,12.9,12.9,15.1,23.9,31,58.2,93.7,253.4
Burundi,Male,7.8,19.8,19.7,22.6,34.8,45.2,94,174.8,418.7
Burundi,Female,3.6,6.5,6.4,7.9,13.5,17.3,28.3,34,117.5
Cabo Verde,Both sexes,2.2,6.9,8,16.8,31.6,44.4,61.3,116.3,287.5
Cabo Verde,Male,3.4,11.2,13,26.2,50.2,73.2,95.8,178.9,451.9
Cabo Verde,Female,0.9,2.6,2.5,7.1,15.4,22.2,39.8,79.2,169.7
Cambodia,Both sexes,2.4,8,9.5,6.8,5.1,10.2,13.1,15.5,70.6
Cambodia,Male,3.1,11.8,15.4,10.8,7.3,14.8,21.6,25.5,110.3
Cambodia,Female,1.6,4.2,4,3.2,3.3,7.1,7.4,9.3,40.1
Cameroon,Both sexes,6.3,16.6,17.6,18.8,29.2,46.3,78.1,113.3,326.2
Cameroon,Male,9.2,25.5,27.1,27.2,37.2,55.5,97.2,168.3,447.2
Cameroon,Female,3.4,7.5,8.1,10.4,21.5,38,62,72.5,223.4
Canada,Both sexes,5.1,12,12.4,17.4,19.7,13.6,12.1,21.8,114.1
Canada,Male,5.9,17.6,18,25.3,29,21.2,19.5,29.7,166.2
Canada,Female,4.2,6.3,6.9,9.5,10.2,6.2,5.5,16.8,65.6
Central African Republic,Both sexes,3.8,11.7,12.2,12.6,18.8,23.8,37,51.7,171.6
Central African Republic,Male,5.3,18.3,18.3,19.5,27.6,35.1,59.8,98.8,282.7
Central African Republic,Female,2.3,5.2,6.3,5.7,10.6,14.1,19.3,21.8,85.3
Chad,Both sexes,4.9,13.8,14.7,16.7,25.9,33.3,55.9,76.8,242
Chad,Male,5.6,19.3,19.4,19.8,24.5,29.7,49.4,83.8,251.5
Chad,Female,4.2,8.2,9.9,13.5,27.1,36.4,61.5,71.7,232.5
Chile,Both sexes,4.9,12.9,13,14.4,14.3,12.9,15.5,15.3,103.2
Chile,Male,6.6,20.6,21.1,23.2,22.6,22.7,30.2,39.4,186.4
Chile,Female,3.1,4.8,4.7,5.6,6.2,4.1,4.1,2.5,35.1
China,Both sexes,1.9,5,6,6.3,10.5,23.4,44,61.3,158.4
China,Male,1.5,4.4,4.7,4.8,9,24.2,51.2,73.2,173
China,Female,2.3,5.7,7.4,7.8,12.1,22.6,37.1,52.3,147.3
Colombia,Both sexes,7.3,11.2,7.8,7,8,8.7,10.1,10.1,70.2
Colombia,Male,9.6,17.9,13,11.9,13.9,16.2,20.6,22.9,126
Colombia,Female,5,4.4,2.8,2.3,2.7,2.3,1.9,1.8,23.2
Comoros,Both sexes,2.4,7.6,7.9,11.4,20,28.1,50.1,70.1,197.6
Comoros,Male,3.1,10.7,11.5,17.2,30.4,43.5,85.6,138.1,340.1
Comoros,Female,1.7,4.4,4.2,5.5,9.8,13.9,21.1,24.6,85.2
Congo,Both sexes,2.6,6.8,7.7,9.5,16.1,22.4,36.8,55.9,157.8
Congo,Male,3.7,10.2,10.5,13.4,23.4,33.5,57.8,99.4,251.9
Congo,Female,1.5,3.4,4.9,5.6,8.8,12.2,19,23,78.4
Costa Rica,Both sexes,4.4,11,10.1,10.4,11.5,8.3,8.7,9.4,73.8
Costa Rica,Male,6.5,18.5,17.2,18,20,15.6,17.4,14.5,127.7
Costa Rica,Female,2.3,3.3,2.8,2.9,3.4,1.3,0.9,5.7,22.6
Côte d'Ivoire,Both sexes,8.1,20.1,21.1,23.6,33.6,51.8,88.4,130.7,377.4
Côte d'Ivoire,Male,10.9,28.8,30,32.9,45.5,67.3,123.2,202.6,541.2
Côte d'Ivoire,Female,5.2,11.4,12.2,13.7,19.8,33,46.5,52,193.8
Croatia,Both sexes,3.4,8.9,12.1,17,22.2,25.5,30.7,40.9,160.7
Croatia,Male,5.8,14.7,20.2,23.7,37,38.6,52.9,91.5,284.4
Croatia,Female,0.9,2.8,3.9,10.2,8.1,14,15.6,17.6,73.1
Cuba,Both sexes,2.4,6.6,9.7,13.8,17.8,25.7,32.7,51.9,160.6
Cuba,Male,3.6,10.2,16.3,22.1,27.8,39.9,54.4,101,275.3
Cuba,Female,1.2,2.8,2.8,5.4,7.9,12,13.1,16.5,61.7
Cyprus,Both sexes,1.6,6.2,6.1,6.2,6.3,8.9,7.4,6.8,49.5
Cyprus,Male,3.1,8.2,9.7,11,9.9,12.9,14.7,9.3,78.8
Cyprus,Female,0,3.8,2.5,1.7,2.7,5,1.2,5.2,22.1
Czechia,Both sexes,4,11.6,12.8,15.8,18.6,17,18.8,22.4,121
Czechia,Male,5.6,19.2,18.7,25.5,29.8,28.5,36.1,55.4,218.8
Czechia,Female,2.4,3.6,6.4,5.6,7.4,6.8,6.1,6,44.3
Democratic People's Republic of Korea,Both sexes,4.4,13.6,12.9,7.9,11.3,26.3,33.8,40.9,151.1
Democratic People's Republic of Korea,Male,3.6,13.1,13.9,9.4,16.2,46.5,69.8,100,272.5
Democratic People's Republic of Korea,Female,5.3,14.1,11.8,6.3,6.7,10.2,14.2,27.2,95.8
Democratic Republic of the Congo,Both sexes,3.3,7,8.4,9.5,15.6,23.4,39.3,57.5,164
Democratic Republic of the Congo,Male,4.7,11,12.6,15,23.8,34.2,61.5,106,268.8
Democratic Republic of the Congo,Female,1.9,3.1,4.1,4.2,7.8,13.8,21.5,24.7,81.1
Denmark,Both sexes,2.2,6.1,9.2,16.7,17.6,17.1,20,49.6,138.5
Denmark,Male,3.1,9,12.7,25.7,25.7,23.9,29.1,56.4,185.6
Denmark,Female,1.3,3.1,5.6,7.5,9.4,10.5,11.8,45.3,94.5
Djibouti,Both sexes,3.4,8.2,7.6,8,11.8,17.5,33.8,52.2,142.5
Djibouti,Male,4.4,10.9,10.2,11,15.9,24.1,50.9,91.2,218.6
Djibouti,Female,2.4,5.4,4.9,5.1,7.7,11.6,18.9,22.9,78.9
Dominican Republic,Both sexes,3.8,15.4,16.2,13.4,12.6,15.4,16.8,22,115.6
Dominican Republic,Male,5.3,26.1,28.6,23.8,22.3,27.1,28,32.8,194
Dominican Republic,Female,2.2,4.7,4.2,3.3,3.1,4.3,6.6,13.1,41.5
Ecuador,Both sexes,8.8,10.5,8.3,7.1,6.6,8.6,10.8,16.5,77.2
Ecuador,Male,10,14.8,12.9,12,10.5,14.4,18.6,30.1,123.3
Ecuador,Female,7.6,6.1,3.7,2.3,2.8,3.2,4,6.2,35.9
Egypt,Both sexes,2.3,6.4,6.2,5.1,6.4,6,6.5,8.6,47.5
Egypt,Male,3.4,10.4,10.4,8.8,10.7,9.4,10.8,13.7,77.6
Egypt,Female,1.2,2.3,2,1.4,2.1,2.9,3.2,5.5,20.6
El Salvador,Both sexes,10.9,30.1,18.2,13.1,11.9,11.2,11,14,120.4
El Salvador,Male,14.2,53.5,35.5,25.6,24.8,23.5,22.3,27.6,227
El Salvador,Female,7.6,8.8,4.5,3.4,2.3,2.1,2.3,4.1,35.1
Equatorial Guinea,Both sexes,7.1,25.5,25.5,23.5,30.3,41.4,68.1,95.4,316.8
Equatorial Guinea,Male,10.3,35.1,33,31.9,42.7,59,106.8,171.8,490.6
Equatorial Guinea,Female,3.8,11.4,13.4,11.3,16.1,23.2,31.1,31.7,142
Eritrea,Both sexes,2.2,6.6,9.1,14.5,29.2,38.9,62.8,84.1,247.4
Eritrea,Male,3.4,10.8,14.6,23.8,45.3,58.4,105,165.4,426.7
Eritrea,Female,0.9,2.4,3.7,5.7,14.2,21.3,27.3,28,103.5
Estonia,Both sexes,8.4,15.8,17.7,17.8,24.5,21,28.3,36.2,169.7
Estonia,Male,14.8,28.5,28.1,29.3,42.3,42.5,59.5,83.2,328.2
Estonia,Female,1.6,2.3,6.8,6.3,8.6,5.4,11.4,20.2,62.6
Eswatini,Both sexes,7.7,21.4,21.4,22.8,24.7,23.3,31.5,46.1,198.9
Eswatini,Male,10.6,33.5,32.5,34.4,38,34.4,44.5,77.4,305.3
Eswatini,Female,4.8,9.3,11,13.5,15.8,15.8,22.8,29.5,122.5
Ethiopia,Both sexes,3.6,8.1,9.7,11.5,16,24.7,51.4,87.6,212.6
Ethiopia,Male,5.3,13,15.3,18.5,26.3,39.4,86.3,160.5,364.6
Ethiopia,Female,1.9,3.3,4.3,4.5,6.9,11.7,21,26.6,80.2
Fiji,Both sexes,1.2,9.6,7.5,6.4,3.2,5.3,14.3,43.6,91.1
Fiji,Male,0.9,13.6,13.2,10.9,4.3,6.1,18,111.2,178.2
Fiji,Female,1.5,5.2,1.5,1.7,2.2,4.5,11.3,0,27.9
Finland,Both sexes,4.9,20.6,18.7,19.9,22.4,16.5,18.7,22,143.7
Finland,Male,6.8,31.5,27.6,30.5,32.9,24.7,29.5,40.3,223.8
Finland,Female,2.8,9.2,9.2,8.9,12,8.8,9.7,12.3,72.9
France,Both sexes,2.2,8,13.4,21.8,23.2,20.3,27.2,73.4,189.5
France,Male,2.9,12,20.6,33.9,35,28.1,37.2,96.8,266.5
France,Female,1.5,3.9,5.9,9.6,11.8,13,18.5,60.1,124.3
Gabon,Both sexes,4.4,7.1,7.1,8.3,14.5,23.7,41.1,64.4,170.6
Gabon,Male,7,11.2,10.4,12,21.5,35.7,67.4,123.1,288.3
Gabon,Female,1.8,2.8,3.2,4,7,12.1,19.4,24.2,74.5
Gambia,Both sexes,2.5,7.7,5.8,6.4,15.3,28.1,52.5,78.9,197.2
Gambia,Male,2.7,10.5,8.8,8.8,18.5,32.9,63,110,255.2
Gambia,Female,2.3,5,3.1,4.2,12.4,22.9,41.6,50.1,141.6
Georgia,Both sexes,2.8,6,7.3,9.7,12.5,12.6,15.3,20.9,87.1
Georgia,Male,4.4,10.7,13.7,17.6,22.8,23.2,29.4,42.6,164.4
Georgia,Female,1,1.1,1.2,2.2,3.6,4.6,6.8,10.5,31
Germany,Both sexes,2.6,7.6,10.4,13.3,17.3,16.1,23.2,39.2,129.7
Germany,Male,3.3,11.5,15.9,19.3,25,23.2,35.8,68.9,202.9
Germany,Female,1.8,3.4,4.7,7.1,9.4,9.4,12.5,22.2,70.5
Ghana,Both sexes,1.9,5.3,6.1,7.5,12.5,23.6,46.9,70.7,174.5
Ghana,Male,2.3,7.6,9.9,13.2,22.4,42.7,88.5,165,351.6
Ghana,Female,1.4,3,2.5,2.2,3.4,6.6,12,15.7,46.8
Greece,Both sexes,0.7,4,4.3,6.4,7.5,7.1,6.4,7.2,43.6
Greece,Male,1.1,6.3,6.1,10.3,12.3,11.7,12,14.3,74.1
Greece,Female,0.3,1.5,2.4,2.5,2.8,3,1.8,2.4,16.7
Grenada,Both sexes,0,0,0,0,0,14.3,0,51.6,65.9
Grenada,Male,0,0,0,0,0,29.4,0,0,29.4
Grenada,Female,0,0,0,0,0,0,0,79.1,79.1
Guatemala,Both sexes,3.1,4.3,3.2,3.5,3.1,4.1,2.8,7.4,31.5
Guatemala,Male,2.6,5.9,5.1,6.5,5.6,7.8,5.3,6.6,45.4
Guatemala,Female,3.6,2.6,1.5,0.9,1,1.1,0.8,8,19.5
Guinea,Both sexes,2.7,7.9,7.3,8.7,15.9,27.8,50.5,78.5,199.3
Guinea,Male,3,9.9,10,11.6,18.7,31.1,55.1,102.2,241.6
Guinea,Female,2.4,5.8,4.5,5.8,13.3,24.8,46.5,59.9,163
Guinea-Bissau,Both sexes,1.5,3.8,4.5,5.7,9.3,22.9,42.4,66.9,157
Guinea-Bissau,Male,1.9,5,6.1,7.5,11.2,24.6,46.5,87.3,190.1
Guinea-Bissau,Female,1.1,2.6,3,4,7.5,21.5,39.4,52.3,131.4
Guyana,Both sexes,18.3,38,40,54.8,46.6,31.7,29.8,38.6,297.8
Guyana,Male,18.2,56,66.2,86.5,73.8,52.1,53.6,91.4,497.8
Guyana,Female,18.4,19.3,15,21.8,19.1,13.2,9.9,0,116.7
Haiti,Both sexes,9.7,21.5,18.8,13.6,10.7,11.6,12.7,15,113.6
Haiti,Male,10.4,31.5,30.3,22.3,17.5,19.3,20.6,24.7,176.6
Haiti,Female,9.1,11.6,7.8,5.6,4.4,4.9,6.4,8.3,58.1
Honduras,Both sexes,1.3,4,4.5,4.4,5.4,4.9,5.3,15.8,45.6
Honduras,Male,1.5,5.7,7.2,7.1,8.5,8.4,7.8,27.9,74.1
Honduras,Female,1.1,2.2,1.9,1.9,2.6,1.9,3.3,7.2,22.1
Hungary,Both sexes,2.7,8.9,13.7,21.3,30,28.1,37.3,47.4,189.4
Hungary,Male,4.1,14.1,21.2,32.7,47.5,48.3,67.5,99.3,334.7
Hungary,Female,1.3,3.5,6,9.8,14.2,12.2,19,25.9,91.9
Iceland,Both sexes,10.8,14.9,21.2,20.4,13.4,24,8.5,8,121.2
Iceland,Male,21.2,25.1,30.5,38.2,17.7,37.4,12.2,0,182.3
Iceland,Female,0,4.2,11.6,2.4,9.3,10.3,5.1,13.7,56.6
India,Both sexes,11.2,30.3,22.9,17.7,16.8,17.5,21.9,24.5,162.8
India,Male,7.8,27.8,29.4,24.2,22.5,21.7,25.3,37.7,196.4
India,Female,15,33.1,15.8,10.9,10.9,13.3,18.9,13.6,131.5
Indonesia,Both sexes,2,5.1,3.6,4.5,4.6,6.6,7.9,14.4,48.7
Indonesia,Male,2.7,7.4,4.9,6.4,6.9,9.4,12,18.2,67.9
Indonesia,Female,1.3,2.6,2.2,2.6,2.4,3.7,4.6,12,31.4
Iran (Islamic Republic of),Both sexes,2.8,6.8,5,3.5,3.7,4.6,8.8,14.3,49.5
Iran (Islamic Republic of),Male,2.3,8,6.9,4.7,5.2,5.9,11.4,18.2,62.6
Iran (Islamic Republic of),Female,3.3,5.6,3.3,2.3,2.2,3.3,5.7,10,35.7
Iraq,Both sexes,1.2,4.8,5.4,7,6.6,5.6,5.8,9.1,45.5
Iraq,Male,1.3,5.4,6.3,7.8,8.3,6.5,7.1,11.9,54.6
Iraq,Female,1,4.2,4.5,6.1,5,4.8,4.8,7.4,37.8
Ireland,Both sexes,4.1,15.8,13.7,18,19.5,12.4,8.2,11,102.7
Ireland,Male,5.9,25.8,22.7,29.2,31.8,22,13,11.7,162.1
Ireland,Female,2.2,5.9,5.2,6.8,7.4,3.1,3.8,10.6,45
Israel,Both sexes,1.4,5.9,5.7,8.4,9.4,7.9,9.8,19,67.5
Israel,Male,2.1,9.7,8.2,14.3,15,12.2,13.6,27.5,102.6
Israel,Female,0.7,2,3.1,2.7,4.1,4,6.6,13.5,36.7
Italy,Both sexes,1.4,5,6.4,8.1,9.5,10.2,13.3,22.9,76.8
Italy,Male,1.8,8.1,10.1,12.4,13.9,15.7,20.6,37,119.6
Italy,Female,0.9,1.9,2.6,3.8,5.2,5.1,7.2,14.6,41.3
Jamaica,Both sexes,1.2,2.8,2.5,2.7,2.9,2.8,3.7,5.3,23.9
Jamaica,Male,1.4,4.3,4.1,4.3,4.9,4.4,5.5,6.7,35.6
Jamaica,Female,0.9,1.3,1,1,1,1.2,2.1,4.3,12.8
Japan,Both sexes,4.8,18.6,18.6,20.7,23.9,20.8,25.7,27.8,160.9
Japan,Male,6.6,27.1,26.8,29.8,34.5,28.9,35.5,42.6,231.8
Japan,Female,3,9.6,10,11.3,13.1,12.9,17.5,19.7,97.1
Jordan,Both sexes,1.1,3.9,4.6,5.2,4.9,5.8,9.9,18.8,54.2
Jordan,Male,1.2,4.7,5.7,6,6.5,7.7,14.2,25.8,71.8
Jordan,Female,1,3,3.4,4.3,3.2,4.1,6,13.2,38.2
Kazakhstan,Both sexes,9.9,21.7,38.5,37.9,32.8,29.2,30,50.1,250.1
Kazakhstan,Male,13.3,35.7,66,67.9,61.6,57.8,61.9,90.6,454.8
Kazakhstan,Female,6.2,7.8,11.2,9.9,8.3,9.1,13.2,33.7,99.4
Kenya,Both sexes,1.4,3.8,3.6,4.8,8.4,12.7,28,56.2,118.9
Kenya,Male,2.4,6.4,6,7.8,13.7,21.1,49,107.7,214.1
Kenya,Female,0.5,1.2,1.3,1.9,3.7,5.7,11.1,17.1,42.5
Kiribati,Both sexes,16,33.5,16.7,11.1,10.4,14.5,18.8,37.1,158.1
Kiribati,Male,24.2,57.4,30.2,19.7,17.6,23.5,30.5,71,274.1
Kiribati,Female,7.3,9,4.5,3.4,4.2,7.2,11.3,21.6,68.5
Kuwait,Both sexes,0.8,4.3,3.4,2.1,2.3,2.6,4.9,0,20.4
Kuwait,Male,1.3,4.9,3.3,2.7,3.7,4,0,0,19.9
Kuwait,Female,0.3,3.6,3.4,1,0,0,11.7,0,20
Kyrgyzstan,Both sexes,7.3,9.2,13.6,14.8,11.7,10.4,9,14.3,90.3
Kyrgyzstan,Male,8.7,14.4,23.2,25.8,21.3,18.1,18,14.2,143.7
Kyrgyzstan,Female,5.9,4,3.9,4.3,3.1,4.4,3.3,14.4,43.3
Lao People's Democratic Republic,Both sexes,6.3,16.1,11.1,9.8,9.7,11.7,16.5,28.7,109.9
Lao People's Democratic Republic,Male,7.8,21.4,15,13.6,13.7,16.9,25.7,44.4,158.5
Lao People's Democratic Republic,Female,4.8,10.7,7.3,6.1,5.9,7.1,9.5,18.1,69.5
Latvia,Both sexes,5.4,18,27.3,25.4,30.8,25.6,23.7,31.7,187.9
Latvia,Male,9.3,30.5,47.2,43.4,57.7,46.5,54.5,74,363.1
Latvia,Female,1.3,4.8,6.7,8.4,8,11.1,8.2,17.6,66.1
Lebanon,Both sexes,1,3.7,3.9,4.5,5.2,5.7,7.6,11.3,42.9
Lebanon,Male,1,3.7,4.4,6.4,7.2,8.1,11.2,16.6,58.6
Lebanon,Female,0.9,3.7,3.3,2.3,2.4,3.2,4,7.2,27
Lesotho,Both sexes,9.7,23.3,28.7,35.7,48.5,55.4,97.1,164.7,463.1
Lesotho,Male,8.8,27.4,30.4,29.8,33.7,33.1,45.4,80.8,289.4
Lesotho,Female,10.6,19.1,26.9,40.7,56.9,69.9,133.7,210.4,568.2
Liberia,Both sexes,2.1,4.6,5.9,9.1,19.2,45.3,86.9,132.1,305.2
Liberia,Male,2.6,6.2,8,11.2,19.8,39.8,75.2,140,302.8
Liberia,Female,1.5,2.9,3.8,7.1,18.6,50.1,97.1,126,307.1
Libya,Both sexes,1.8,6.6,7.7,8.5,7.8,7.2,9.8,15.1,64.5
Libya,Male,2.6,10,12.2,13.7,13.3,11.6,16.1,23.9,103.4
Libya,Female,1,3.3,3.2,3,2.5,3.1,4.4,8.7,29.2
Lithuania,Both sexes,8.1,27.1,36.3,42.2,46,40.4,37.5,46,283.6
Lithuania,Male,13.4,49.6,63.2,75,85.4,78.5,81.6,126.6,573.3
Lithuania,Female,2.5,3.2,9.2,12,12.3,13.3,13.9,18,84.4
Luxembourg,Both sexes,4.8,8,9.1,14.1,19.2,21.1,38.5,32.8,147.6
Luxembourg,Male,6.7,12.8,13,20.5,28.6,28.9,50.2,44.4,205.1
Luxembourg,Female,2.9,3,5.3,7.3,9.3,13.1,28.6,26.1,95.6
Madagascar,Both sexes,1.9,3.3,4.1,6.6,11.3,18.4,35.9,56.2,137.7
Madagascar,Male,2.7,4.8,5.8,9.8,16.3,27,57.6,98.6,222.6
Madagascar,Female,1.1,1.9,2.3,3.5,6.5,10.7,18.1,20.4,64.5
Malawi,Both sexes,1.3,3.2,3.9,6.1,11.7,19.8,46.6,90.8,183.4
Malawi,Male,2,5.2,6.5,10.1,20.8,33.9,80.1,178,336.6
Malawi,Female,0.6,1.2,1.4,2.2,4.7,9.5,21.6,32.5,73.7
Malaysia,Both sexes,1.9,4,4.4,5.9,10.9,15.8,24.3,47.3,114.5
Malaysia,Male,2.9,6,6.4,8.5,15.8,21.9,33.6,60.1,155.2
Malaysia,Female,0.9,1.8,2.2,3.2,5.7,9.7,15.6,36.4,75.5
Maldives,Both sexes,1.2,2.8,1.8,1.9,2.6,5.7,14,26,56
Maldives,Male,1,3.5,2.4,2.6,3.7,7.8,19.5,34.9,75.4
Maldives,Female,1.4,1.6,0.8,0.9,1.3,3.4,8.2,14.3,31.9
Mali,Both sexes,2.8,7.4,6.7,7.4,12.6,20.8,39.4,69.2,166.3
Mali,Male,3.6,10.8,11,12,18.8,30,60.1,113.9,260.2
Mali,Female,1.9,3.9,2.5,3,7.3,13.4,23.3,31.9,87.2
Malta,Both sexes,4.8,5.3,7.7,13,13.2,3.8,8.8,12.4,69
Malta,Male,4.2,8.3,12.6,22.1,20.9,6.8,14,33,121.9
Malta,Female,5.3,2.1,2.4,3.5,5.5,1,4.3,0,24.1
Mauritania,Both sexes,1.4,4.3,4.6,6.8,12.9,20.7,37.3,60.5,148.5
Mauritania,Male,1.8,6.5,7.2,10.9,19.9,32,61.9,112.3,252.5
Mauritania,Female,1,2,1.9,2.7,6.1,10.9,19.6,25.8,70
Mauritius,Both sexes,3.7,12.9,11.8,11,7.4,6.4,5.5,4,62.7
Mauritius,Male,7.4,20.4,19.2,18.4,12.7,11.9,12.9,11.5,114.4
Mauritius,Female,0,5.2,4.4,3.5,2.3,1.5,0,0,16.9
Mexico,Both sexes,4.2,7.5,6.5,6,5.9,6.1,7.9,15.7,59.8
Mexico,Male,5.3,11.8,10.4,10.2,10.1,10.7,13,24.8,96.3
Mexico,Female,3.1,3.1,2.7,1.9,2,1.9,3.3,9.5,27.5
Micronesia (Federated States of),Both sexes,10.8,21.9,12.2,8,9.3,13.8,17.6,39.7,133.3
Micronesia (Federated States of),Male,13.6,31.5,18.4,12.7,14.1,19.7,25.4,61.3,196.7
Micronesia (Federated States of),Female,7.8,11.2,5.1,4.3,4.7,8.2,11.7,24.7,77.7
Mongolia,Both sexes,6.9,16.4,21.7,22.2,17.4,12.5,15.9,19,132
Mongolia,Male,10.7,27.8,39.3,40,31.5,20.4,27.4,42.8,239.9
Mongolia,Female,3.1,4.8,3.7,5.1,5.2,6.1,7.4,6.6,42
Montenegro,Both sexes,2.4,6.4,8.2,9.5,13,17.9,25.3,42,124.7
Montenegro,Male,4,10.7,13.8,14.3,18.7,27.7,40.5,70.8,200.5
Montenegro,Female,0.6,1.8,2.5,4.8,7.3,9,14.5,23.9,64.4
Morocco,Both sexes,1.1,3.8,3.8,3.4,3.3,4.6,7.9,18.5,46.4
Morocco,Male,0.8,2.8,3.7,3.1,2.4,3.1,7.5,16.2,39.6
Morocco,Female,1.5,4.8,3.9,3.7,4.2,6,8.2,20,52.3
Mozambique,Both sexes,2.9,6.1,6.5,7.2,11.5,17.1,41.9,76.3,169.5
Mozambique,Male,4.2,9.5,10.4,11.3,18.4,25.5,72,154.6,305.9
Mozambique,Female,1.5,2.8,2.9,3.8,6,10.4,20.4,27.7,75.5
Myanmar,Both sexes,4.7,12.3,10.3,8.8,8.8,11.7,15.7,26.6,98.9
Myanmar,Male,3.3,9.6,7.6,6.4,7.4,10.8,14.4,17.8,77.3
Myanmar,Female,6.2,15,12.9,11,10.1,12.4,16.7,32.1,116.4
Namibia,Both sexes,4.6,11.4,12.7,15.8,20.8,19.7,26.5,39.1,150.6
Namibia,Male,7.2,19.9,21.7,25.8,34.2,32.7,44.2,75.9,261.6
Namibia,Female,2,3.1,4.3,6.9,10.1,10.6,14.8,18.7,70.5
Nepal,Both sexes,6,15.8,10.8,9.6,10.8,12.5,18.4,38.6,122.5
Nepal,Male,5,16.4,11.9,12.5,15.7,17.6,24.8,59,162.9
Nepal,Female,7,15.3,9.9,7,5.9,8.1,12.7,22.8,88.7
Netherlands,Both sexes,2.4,8.3,12.3,15,19.3,17.3,16.9,32.8,124.3
Netherlands,Male,2.9,11.5,16.9,20.3,25.8,23.3,21.2,37.6,159.5
Netherlands,Female,1.8,5.1,7.6,9.7,12.8,11.4,13,29.9,91.3
New Zealand,Both sexes,11.2,18.1,14.3,16.4,14.6,8.1,9,21.7,113.4
New Zealand,Male,14.2,27.1,21.6,27.3,20.8,12.7,16.5,24.4,164.6
New Zealand,Female,8.1,8.7,7.5,6.5,8.9,3.8,2.2,19.7,65.4
Nicaragua,Both sexes,11.6,24.2,17,12.2,9.8,8.2,7.9,9.4,100.3
Nicaragua,Male,13.2,38.9,29.4,21.1,18.1,15.5,15.4,19.4,171
Nicaragua,Female,10,9,5.2,4.5,2.9,2.4,1.8,2.4,38.2
Niger,Both sexes,3.1,5.2,5.6,7.8,15.9,22.8,42.1,69.1,171.6
Niger,Male,4,7.7,8.6,10.2,18,26.5,49.6,94.7,219.3
Niger,Female,2.1,3,2.8,5.4,13.2,18.8,36.2,49.2,130.7
Nigeria,Both sexes,4,11.4,12.1,14.6,26,48.8,86.9,127,330.8
Nigeria,Male,4.3,13.9,14.7,17,25,41.7,74,130.7,321.3
Nigeria,Female,3.7,8.9,9.5,12.2,27.1,55.4,98.6,123.9,339.3
Norway,Both sexes,3,12.2,13.1,15.1,17.6,16.3,12.4,32.1,121.8
Norway,Male,3.9,17,18.7,20.2,22.8,20.9,17.4,37.1,158
Norway,Female,2.2,7.1,7.1,9.6,12.1,11.7,7.9,29.1,86.8
Oman,Both sexes,1.4,6.3,5.2,4,3.6,3.3,5.6,11.7,41.1
Oman,Male,2.4,8.5,6.7,5.1,4.7,4.7,8.5,16.4,57
Oman,Female,0.4,1.2,1.1,0.9,1,1.7,2.5,7.9,16.7
Pakistan,Both sexes,3.1,5.5,3.8,2.9,2.7,2.9,4,7.5,32.4
Pakistan,Male,2.1,4.9,4.5,3.6,3.2,3.2,4,7.5,33
Pakistan,Female,4.3,6.1,3.1,2.2,2.1,2.7,4,7.5,32
Panama,Both sexes,3.5,6.8,5.9,4.9,5.2,4.2,7,9.5,47
Panama,Male,5.5,11.9,10.3,8.7,8.7,8.1,13.5,15.7,82.4
Panama,Female,1.4,1.6,1.4,1.1,1.8,0.6,1.2,4.5,13.6
Papua New Guinea,Both sexes,5.2,11.2,7.8,6.5,7.9,10.6,12,20.6,81.8
Papua New Guinea,Male,6.5,16.3,12.2,10,11.6,15.3,17.1,33,122
Papua New Guinea,Female,3.8,5.9,3.2,2.8,4.2,6.5,8.2,13.7,48.3
Paraguay,Both sexes,9.6,19.9,11.4,8.2,7.6,8.3,7.8,11,83.8
Paraguay,Male,9.5,27,15.4,11.3,10.6,12.8,12.9,19.9,119.4
Paraguay,Female,9.7,12.6,7.1,5,4.5,3.7,3.1,4.2,49.9
Peru,Both sexes,2.8,6.5,6.3,6.8,7.2,8.3,8.7,11.7,58.3
Peru,Male,2.9,9,9.3,10.5,11.9,14.1,13.9,17.5,89.1
Peru,Female,2.6,3.9,3.1,3.1,2.8,3.1,4.1,7.8,30.5
Philippines,Both sexes,2.5,5,3.6,3.3,3.8,4.1,8.7,35.1,66.1
Philippines,Male,2.9,6.8,5.6,4.9,5.9,7.2,13.3,39.3,85.9
Philippines,Female,2.1,3.1,1.5,1.7,1.8,1.3,5.3,32.6,49.4
Poland,Both sexes,5.4,15.7,15.7,20.8,27.7,21.7,16,14.5,137.5
Poland,Male,8.4,28.2,27.9,35.5,49.4,40.1,33.3,35.8,258.6
Poland,Female,2.2,2.6,3.2,6,7.2,6.3,4.7,5.1,37.3
Portugal,Both sexes,1.3,4.7,8.7,13.8,16.8,18.1,28.7,47.3,139.4
Portugal,Male,1.9,7.9,14.5,22,26.5,29.6,48.4,94.9,245.7
Portugal,Female,0.7,1.5,3.2,6.1,8.1,8.2,13.6,20.2,61.6
Qatar,Both sexes,2.9,9.8,7.1,6.1,5.9,10.7,8.7,17.1,68.3
Qatar,Male,4.7,11.8,8.7,7.5,7,12.6,11.5,26.3,90.1
Qatar,Female,0.3,1.2,1.1,1,1.1,3.7,3.4,5.2,17
Republic of Korea,Both sexes,4.4,14.2,26,30.6,35.6,34.2,64.5,83.6,293.1
Republic of Korea,Male,4.9,16.9,33.9,44.1,56.8,54.2,104.4,155,470.2
Republic of Korea,Female,3.9,11.1,17.6,16.5,14.6,15.5,33.4,51.5,164.1
Republic of Moldova,Both sexes,7.1,11.4,13.6,23.8,27.8,26.9,13.6,19.7,143.9
Republic of Moldova,Male,11.1,19.2,23.2,44.5,53.6,51.3,23.4,34.5,260.8
Republic of Moldova,Female,2.9,3.5,3.7,4.3,5.9,8.7,7.9,12.9,49.8
Romania,Both sexes,2.9,5.7,8.9,13.3,16.8,16.4,16.2,16,96.2
Romania,Male,4.1,9.4,15,22.4,30.9,30.1,32.3,31.6,175.8
Romania,Female,1.6,1.7,2.5,3.9,3.5,5.2,5.8,7.2,31.4
Russian Federation,Both sexes,8.2,33.1,49.7,38.4,37.7,30.8,35.2,46.7,279.8
Russian Federation,Male,11.9,56.5,88.4,70,72.4,61.4,76.6,101,538.2
Russian Federation,Female,4.3,8.8,11.5,9,8.9,9.8,15.6,28.4,96.3
Rwanda,Both sexes,3,8,8,9.7,17.5,24.3,48.3,93.4,212.2
Rwanda,Male,4.1,11.6,12.4,14.9,25.7,35.3,76.9,168.5,349.4
Rwanda,Female,1.9,4.5,4.1,4.9,9.3,15.1,28.4,40.7,108.9
Saint Lucia,Both sexes,4.4,8.9,7.9,12.7,9.3,12.3,9.5,7.2,72.2
Saint Lucia,Male,6.3,15.4,13.4,18.7,19.2,25.4,20.8,18,137.2
Saint Lucia,Female,2.5,2.5,2.7,7.1,0,0,0,0,14.8
Saint Vincent and the Grenadines,Both sexes,3,4.7,0.7,3.6,0.9,2.7,9,0,24.6
Saint Vincent and the Grenadines,Male,3.1,9.2,0,5.6,1.8,5.4,19.5,0,44.6
Saint Vincent and the Grenadines,Female,3,0,1.4,1.4,0,0,0,0,5.8
Samoa,Both sexes,2.6,5.8,4.8,5.3,7,12.6,15.7,30.1,83.9
Samoa,Male,3.6,9,8,8.7,11.3,20.4,26.2,53.9,141.1
Samoa,Female,1.6,2.3,1.5,1.5,2.5,5.2,7.7,17.8,40.1
Sao Tome and Principe,Both sexes,1.4,4.5,3.3,3,3.9,4.9,7.4,15,43.4
Sao Tome and Principe,Male,1.7,6.1,4.6,3.9,5.7,7.3,10.4,18.6,58.3
Sao Tome and Principe,Female,1.1,3,2,2.1,2.5,3.1,5.9,11,30.7
Saudi Arabia,Both sexes,1.6,4,3.5,4.9,4.8,6.2,8.2,8.5,41.7
Saudi Arabia,Male,2.4,5.8,4.7,6.3,6,8.1,12.3,11.6,57.2
Saudi Arabia,Female,0.8,1.9,1.9,2.5,2.4,3.3,3.7,5.8,22.3
Senegal,Both sexes,2.3,4.9,5.8,8.7,18.5,33.7,70.8,119.9,264.6
Senegal,Male,3.4,7.3,9.5,15.2,31.7,56.4,121,231.3,475.8
Senegal,Female,1.2,2.6,2.4,3.3,8.1,16.3,33.1,44.1,111.1
Serbia,Both sexes,1.3,5.9,10.1,15.7,22.2,22.2,43.2,64.6,185.2
Serbia,Male,2.2,9.1,15,23.9,35.3,35.4,70.6,121.1,312.6
Serbia,Female,0.3,2.5,5.1,7.6,9.8,10.6,23,33.7,92.6
Seychelles,Both sexes,1.5,8.2,9.5,13.8,14.6,16.8,18.6,25.3,108.3
Seychelles,Male,2.1,13.9,16.9,25,27,30.4,35.2,47.8,198.3
Seychelles,Female,0.9,1.7,2.1,3.1,2.9,3.5,5.9,14.3,34.4
Sierra Leone,Both sexes,4.1,14.8,13.2,15.9,24.9,39.3,65.6,93.7,271.5
Sierra Leone,Male,5.2,19.8,17.4,17.8,23.7,37.7,66.9,112.8,301.3
Sierra Leone,Female,3,10,9.1,14,26,40.8,64.4,76.6,243.9
Singapore,Both sexes,3.7,7.6,7.6,11.3,12.4,15.6,22.8,26.8,107.8
Singapore,Male,4,10.7,9.8,14.8,18.2,22.8,36.5,46.1,162.9
Singapore,Female,3.3,4.3,5.6,7.9,6.6,8.6,11,14.7,62
Slovakia,Both sexes,2.5,9.2,11.8,16.6,21.9,17.6,19.5,21.7,120.8
Slovakia,Male,4.1,16.1,20.6,29.1,37.8,32.4,43,55.5,238.6
Slovakia,Female,0.9,2.1,2.5,3.8,6.8,5.2,4.8,6.7,32.8
Slovenia,Both sexes,3,12.3,14.2,19.1,26.4,26.7,35.8,38.9,176.4
Slovenia,Male,4.9,20.9,23.7,30.8,44.8,41,60,96.4,322.5
Slovenia,Female,0.9,3.1,3.8,6.6,7.6,12.8,17,12.2,64
Solomon Islands,Both sexes,4.7,9.7,5.3,4.3,5.8,8.9,13.7,32.4,84.8
Solomon Islands,Male,6,14.3,8.3,6.6,8.7,12.9,18,46.3,121.1
Solomon Islands,Female,3.2,4.9,2.4,2,2.7,5,9.1,18.8,48.1
Somalia,Both sexes,2.4,6.5,7.6,9.2,12.4,18.4,34.2,49.9,140.6
Somalia,Male,3,9.6,10.4,12.2,15.7,23.3,48.9,84,207.1
Somalia,Female,1.8,3.5,4.9,6.3,9.1,13.4,20.7,23.9,83.6
South Africa,Both sexes,4.2,12.6,14.4,18.5,24.7,23.9,28.1,33.3,159.7
South Africa,Male,6.1,20.6,23.7,31.5,42.9,41.7,48.9,61.6,277
South Africa,Female,2.3,4.4,4.7,6.1,9.4,10.4,15.5,22.1,74.9
South Sudan,Both sexes,1.6,4.7,4.7,5.6,9.7,14.4,27.6,42.7,111
South Sudan,Male,1.8,6.3,6.5,7.3,12.4,18.2,39.4,71.6,163.5
South Sudan,Female,1.3,3.1,2.8,3.9,7.2,10.9,17.5,21,67.7
Spain,Both sexes,1.5,5.1,6.6,10.6,11.8,10.6,14.2,21.2,81.6
Spain,Male,2,7.6,9.8,15.6,18.1,15.9,22.7,41.3,133
Spain,Female,1,2.5,3.3,5.4,5.6,5.8,7.2,9.5,40.3
Sri Lanka,Both sexes,6.2,21.9,17.3,18.4,17,19,27.2,50.9,177.9
Sri Lanka,Male,6.2,34.6,29.9,32.5,30.1,32.2,46.1,84.7,296.3
Sri Lanka,Female,6.2,10.2,6,5,5.1,7.8,13,28.2,81.5
Sudan,Both sexes,5.3,18.1,18.3,11.7,6.7,5.7,6.9,9.5,82.2
Sudan,Male,6.8,27.2,29.5,18.7,10.3,8.6,10.5,14,125.6
Sudan,Female,3.7,8.8,7.6,4.9,3.3,3,3.7,6,41
Suriname,Both sexes,11.3,26,31.6,30.7,38.5,34.1,40.6,61,273.8
Suriname,Male,10.2,41.9,48.4,51.6,61.3,58.7,65.3,95,432.4
Suriname,Female,12.4,9.3,14.7,9.6,15.9,13,23.2,39.2,137.3
Sweden,Both sexes,3.5,13.5,15.1,16.6,20.3,17.3,18.4,45.3,150
Sweden,Male,4.5,18.2,21.8,23.3,26.2,23.5,26.1,47,190.6
Sweden,Female,2.4,8.6,8.1,9.7,14.1,11.1,11.2,44.2,109.4
Switzerland,Both sexes,4.1,9,9.8,14.9,21.7,21.5,28.1,84.6,193.7
Switzerland,Male,5.8,13.6,13.9,21.1,29.3,30.3,37.5,107.3,258.8
Switzerland,Female,2.4,4.3,5.8,8.6,13.9,13,20,71.1,139.1
Syrian Arab Republic,Both sexes,0.7,3.1,3.9,3.4,2.8,2.7,4.4,10,31
Syrian Arab Republic,Male,0.9,4.6,6.5,5.9,4.7,4,6.4,12.5,45.5
Syrian Arab Republic,Female,0.5,1.5,1.3,1.1,1.2,1.5,2.9,8,18
Tajikistan,Both sexes,1,2.3,3.6,4.7,6,7.6,9.1,12.4,46.7
Tajikistan,Male,1.3,3,5.7,8,10.6,10.6,11.2,17.1,67.5
Tajikistan,Female,0.8,1.6,1.5,1.5,1.9,4.8,7.2,9.1,28.4
Thailand,Both sexes,5.6,18,20.4,15,17,17.8,22.6,27.3,143.7
Thailand,Male,9.2,30.9,36.3,25.9,26.3,26.1,34.4,38.9,228
Thailand,Female,1.8,5,4.8,4.9,8.5,10.6,13.3,19.5,68.4
Republic of North Macedonia,Both sexes,1.9,4.3,6.7,7.6,12.7,12.9,19.1,29.1,94.3
Republic of North Macedonia,Male,2.6,6,10.6,11.3,20.4,19.5,32.7,46.1,149.2
Republic of North Macedonia,Female,1.2,2.5,2.5,3.9,5,6.9,8.4,17.7,48.1
Timor-Leste,Both sexes,3,9.6,6.2,6.8,7.7,11.5,15.9,27.4,88.1
Timor-Leste,Male,2.8,14,10.3,10.4,10.8,15.3,22.6,35.7,121.9
Timor-Leste,Female,3.3,5.2,2.1,3,4.5,7.8,10.2,21.8,57.9
Togo,Both sexes,4,10.7,12.9,15.6,24.8,43.3,77.3,124.5,313.1
Togo,Male,5.3,14.3,18.4,22.7,34.7,54.7,99.6,187.6,437.3
Togo,Female,2.8,7,7.4,8.7,15.5,33,58.3,75.5,208.2
Tonga,Both sexes,2.5,5.6,3.5,3.5,5.2,8.1,10,20.4,58.8
Tonga,Male,2.6,7.2,5,4.8,7,10.8,12.3,25.8,75.5
Tonga,Female,2.3,3.9,2.1,2.2,3.2,6,8.2,17.7,45.6
Trinidad and Tobago,Both sexes,7.3,21.9,19.6,17.4,10.1,16.9,15.2,17.6,126
Trinidad and Tobago,Male,10.6,36.7,33.2,29.3,17.3,28,29.5,50.9,235.5
Trinidad and Tobago,Female,3.8,6.9,6.1,5.7,3.2,6.6,4.4,0,36.7
Tunisia,Both sexes,0.9,3.1,3.7,4.5,5.6,5.9,8.2,13.2,45.1
Tunisia,Male,1,4.2,5.1,6.4,8,7.6,10.9,16,59.2
Tunisia,Female,0.9,2,2.3,2.7,3.3,4.3,5.9,11.2,32.6
Turkey,Both sexes,5.4,15.6,13.8,6.7,3.1,3,5.6,10.1,63.3
Turkey,Male,6.5,24.3,22.7,11.3,4.9,4.9,9.8,18.5,102.9
Turkey,Female,4.2,6.8,4.9,2.4,1.4,1.5,2.3,5.4,28.9
Turkmenistan,Both sexes,5.9,9.7,8.6,10,9.6,8.2,9.1,11.1,72.2
Turkmenistan,Male,6.2,13.6,14.5,17.6,17,13.3,13.3,17.2,112.7
Turkmenistan,Female,5.6,5.8,2.9,2.8,3.3,4.1,6.1,7.8,38.4
Uganda,Both sexes,5.3,14.3,14.5,17.9,29.6,47.8,99.1,153.3,381.8
Uganda,Male,6.1,17.9,18.1,20.2,30.6,41.9,88.6,176.6,400
Uganda,Female,4.6,10.7,10.9,15.6,28.8,52.2,107,137.2,367
Ukraine,Both sexes,6.7,20.4,27.3,30.5,29.8,25,27.9,34.2,201.8
Ukraine,Male,10.6,35.9,48.9,55.3,58.4,51.3,62.4,79,401.8
Ukraine,Female,2.5,4.2,5.8,7.8,6.4,7.2,10.4,17.4,61.7
United Arab Emirates,Both sexes,1.8,4,2.8,2.8,3.2,4.4,5.6,6.7,31.3
United Arab Emirates,Male,3.2,4.9,3.5,3.4,3.7,5.6,7.2,9,40.5
United Arab Emirates,Female,0.3,1,0.8,0.9,1.4,1.6,1.4,3.3,10.7
United Kingdom of Great Britain and Northern Ireland,Both sexes,2.2,8.6,10.8,15,13.4,8.5,7.4,15.4,81.3
United Kingdom of Great Britain and Northern Ireland,Male,3.2,13.4,16.7,24,20.8,13,11.3,19.7,122.1
United Kingdom of Great Britain and Northern Ireland,Female,1.2,3.5,4.9,6.1,6.2,4.2,3.9,12.6,42.6
United Republic of Tanzania,Both sexes,2.5,6.7,6.6,9.1,15.3,22.6,43,80.6,186.4
United Republic of Tanzania,Male,3.3,10.1,9.5,12.7,21.5,32.6,67.7,139.2,296.6
United Republic of Tanzania,Female,1.6,3.5,3.8,5.6,9.6,14.4,23.4,29.4,91.3
United States of America,Both sexes,6.3,18,19.2,19.3,21.7,17.9,18.4,25.1,145.9
United States of America,Male,9,28.9,29.4,28.5,32,27.9,32.5,49.7,237.9
United States of America,Female,3.4,6.6,9,10.1,11.6,8.8,6.6,9.6,65.7
Uruguay,Both sexes,8.1,23,20.6,22,22.1,23.6,32.7,38.9,191
Uruguay,Male,12.1,38.4,31.5,33.9,35.6,39,57.7,89.7,337.9
Uruguay,Female,3.9,7.1,9.8,10.4,9.8,10.4,15.1,17.5,84
Uzbekistan,Both sexes,9,10.6,9.3,9.7,7.5,7.1,6.6,4.8,64.6
Uzbekistan,Male,8.5,12.2,13.9,16.7,13.9,12.8,11.2,7.1,96.3
Uzbekistan,Female,9.6,9,4.7,3,1.7,2.2,3.1,3.5,36.8
Vanuatu,Both sexes,4.4,8.4,4.6,3.8,5.1,8.2,13.1,31.2,78.8
Vanuatu,Male,6,13.4,7.3,6.1,8,12.1,17.9,45.8,116.6
Vanuatu,Female,2.6,3.6,1.8,1.8,2.4,4.3,8.3,16.8,41.6
Venezuela (Bolivarian Republic of),Both sexes,3,5.4,4.6,4,4.6,5.7,7.1,8.9,43.3
Venezuela (Bolivarian Republic of),Male,4.3,9.5,8.2,6.8,8.2,10.3,12.5,20.5,80.3
Venezuela (Bolivarian Republic of),Female,1.7,1.3,1.1,1.2,1.1,1.5,2.7,2.2,12.8
Viet Nam,Both sexes,1.8,9,10.3,7.7,8.3,14.8,16.6,20.9,89.4
Viet Nam,Male,2.5,13.5,17.1,12.8,12.9,20.6,26.2,29.4,135
Viet Nam,Female,1,4.2,3.5,2.6,4,10.1,10.5,17.1,53
Yemen,Both sexes,4.5,17.7,17.5,12.2,9.1,8.3,9.7,13.1,92.1
Yemen,Male,5.2,22.9,24.8,17.4,13.6,11.9,14.2,18.2,128.2
Yemen,Female,3.9,12.3,9.9,7,5.1,4.9,5.9,9.4,58.4
Zambia,Both sexes,2.8,8.3,8.9,11.8,18.7,25.8,48.9,79.7,204.9
Zambia,Male,3.9,12.3,13.3,17,27.3,38.7,79,152.1,343.6
Zambia,Female,1.6,4.2,4.6,6.9,11.2,16,26.4,31.2,102.1
Zimbabwe,Both sexes,4.6,11.3,13.7,19.2,29.4,41.3,81.5,205.7,406.7
Zimbabwe,Male,6.4,19.1,22.8,30.1,47,62.8,111.5,285,584.7
Zimbabwe,Female,2.7,3.8,5.5,9.4,16,26.4,59.4,152.4,275.6